100 

Alberto Romero --- albertoromgar
Bex T. --- ibexorigin
Sanjay Priyadarshi --- sanjay-priyadarshi
Will Lockett --- wlockett
Avi Chawla --- avi_chawla
Jim Clyde Monge --- jimclydemonge
Soner Yıldırım --- sonery
Moez Ali --- moez-62905
Sik-Ho Tsang --- sh-tsang
Cassie Kozyrkov --- kozyrkov
Aman Kharwal --- amankharwal
Fabio Chiusano --- chiusanofabio94
Towards AI Editorial Team --- towardsai
Cory Maklin --- corymaklin
Alexander S. Augenstein --- alexander.s.augenstein
Synced --- synced
Jesus Rodriguez --- jrodthoughts
ODSC - Open Data Science --- odsc
Madison Hunter --- madison13
Devansh- Machine Learning Made Simple --- machine-learning-made-simple
Anil Tilbe --- AnilTilbe
Cobus Greyling --- cobusgreyling
Mehul Gupta --- mehulgupta_7991
Nikos Kafritsas --- nikoskafritsas
Bharath K --- bharath-k1297
Faisal Khan --- khanfk
Gianluca Malato --- gianlucamalato
James Marinero --- james-marinero
Marcello Politi --- marcellopoliti
John Ball --- john-at-pat
Amit Chauhan --- amitprius
Rukshan Pramoditha --- rukshanpramoditha
Satish Chandra Gupta --- scgupta
Yancy Dennis --- dennisyd
Sofien Kaabar, CFA --- kaabar-sofien
Louis Bouchard --- whats-ai
Kevin Dewalt --- kevindewalt
ANAI: An 'All-in-One' No Code AI platform --- ANAI-DemocratizingAI
Stefan Pircalabu --- stefanpircalabu
Merzmensch --- merzmensch
Angelica Lo Duca --- alod83
李謦伊 --- chingi071
Naina Chaturvedi --- naina0412
Dariusz Gross #DATAsculptor --- datasculptor
Ching (Chingis) --- chingisoinar
Renu Khandelwal --- arshren
Egor Howell --- egorhowell
Suhas Maddali --- suhas-maddali007
Bisma Farrukh --- pencihub
Salvatore Raieli --- salvatore-raieli
Carla Martins --- cdanielaam
Alain Saamego --- alains
Nico Nobili --- sirnicknite
Naoki --- naokishibuya
Eva Rtology --- evartology
Tirendaz Academy --- tirendazacademy
Onepagecode --- onepagecodewriter
Alex C-G --- alexcg1
Jair Ribeiro --- jairribeiro
Levente --- Levente22
Bruno Aziza --- brunoaziza
Jennifer Wales --- jennifer.wales22
Roman Paolucci --- romanmichaelpaolucci
T.Ferguson --- fergie19702004_40140
Lakshmi Narasimman V --- narasimman_tech
Nabib Ahmed --- nahmed3536
Trent McConaghy --- trentmc0
Avi Loeb --- avi-loeb
Fatos Morina --- fatosmorina
Borna Ahmadzadeh --- borna-ahz
Gowtham S R --- gowthamsr37
Eeman Majumder --- eeman.majumder
Haley Lowy --- haley.lowy
Monodeep Mukherjee --- monocosmo77
Сергей Карелов --- sergey-57776
Bennett Garner --- bennettgarner
Rob Smith --- rsmith_6156
Dennis Niggl --- dniggl
Shuchen Du --- dushuchen
Sharad Joshi --- sharadjoshi
Khang Pham --- khang.pham.exxact
Iulia Turc --- turc.raluca
Siddhesh Bangar --- siddheshb008
Moamen Elabd --- arch.mo2men
Ashmi Banerjee --- ashmi_banerjee
Vin Bhalerao --- vinbhalerao
Gajendra --- gajendra.k.s
Sahir Dhalla --- sahir-dhalla
Gencay I. --- geencay
dotmoovs --- dotmoovs
Caleb M. Bowyer --- CalebMBowyer
slashdotted --- slashdotted
Data Science Wizards --- datasciencewizards
Napoleon --- nafbeltran
Ebrahim Haque Bhatti --- ebrahimhaqbhatti516
Serokell --- serokell
CЯYPT!K --- LINKGOD.COM
Cezar Taurion --- c-taurion
Keno Leon --- k3no
Adam Votava --- adamvotava
